#CHROM	POS	REF	ALT	RawScore	PHRED
22	30057302	C	T	12.367476	39
22	30050657	C	G	8.004762	35
3	48520629	AGCCCAGCTGCT	A	5.364136	25.9
22	30419428	T	C	2.582545	19.99
11	118961704	A	T	2.512971	19.55
11	104438715	GC	G	2.315696	18.27
11	116303217	C	T	2.307171	18.21
11	133533288	CTAAACTTT	C	2.299173	18.16
3	50410458	T	G	2.287142	18.08
3	55137055	C	T	2.272454	17.99
22	37590591	T	A	2.264451	17.93
22	37590587	C	T	2.021386	16.35
3	50756722	A	T	1.880453	15.47
2	20886444	C	G	1.85799	15.33
2	20886452	T	A	1.836305	15.2
3	53529515	AGGGGCGGCGAG	A	1.818765	15.1
2	20886455	G	A	1.803824	15.01
3	48520622	AG	A	1.787273	14.91
3	52518495	CTGCCTGCCTG	C	1.77851	14.86
22	37960468	G	T	1.769059	14.8
2	20886448	A	T	1.765606	14.78
22	37590651	C	T	1.729985	14.58
2	20886446	T	C	1.72701	14.56
3	52518488	A	C	1.721738	14.53
3	53529527	T	TCATTAAAAAA	1.677296	14.28
22	37590653	G	A	1.659304	14.18
2	20886449	G	A	1.658098	14.17
22	37590563	G	A	1.656189	14.16
22	37590637	A	G	1.627068	14
22	37590636	C	T	1.617626	13.95
11	118879693	GTCAAA	G	1.578939	13.74
22	30234790	AGATGTGT	A	1.574609	13.71
22	37590560	G	A	1.566444	13.67
3	52333074	CAACGAGCCT	C	1.558385	13.63
22	37590581	A	G	1.549554	13.58
2	20886460	T	A	1.546126	13.56
3	52333069	G	GTTTTTT	1.544989	13.55
3	53195876	A	C	1.542189	13.54
3	52518492	A	C	1.423031	12.91
11	112468242	ACCCCCTAC	A	1.42218	12.9
2	17987295	CAG	C	1.409076	12.84
11	118879722	C	T	1.40153	12.8
11	133533280	AGTGCTT	A	1.397384	12.77
3	51494854	T	A	1.355385	12.56
11	118879727	A	T	1.343734	12.5
2	20886437	T	G	1.341989	12.49
3	55244070	T	A	1.336682	12.46
2	20886454	G	T	1.3352	12.45
3	44586002	G	A	1.322813	12.39
2	20125917	G	A	1.322058	12.38
2	20125911	A	G	1.318593	12.37
22	30234799	C	CATTAAAAAA	1.313355	12.34
3	47548022	T	A	1.2968	12.25
11	118062309	C	A	1.294451	12.24
11	118062300	C	T	1.277122	12.15
3	52333070	A	AAT	1.266003	12.09
3	50258546	A	C	1.263254	12.08
11	118062318	C	T	1.261971	12.07
11	118062310	A	G	1.258422	12.05
22	37590613	T	G	1.25726	12.05
11	118062301	A	G	1.250411	12.01
11	118062315	A	G	1.228217	11.89
11	118879699	GTGGCTGGGA	G	1.21808	11.84
3	50258542	A	C	1.214979	11.83
11	118062314	C	T	1.213593	11.82
2	20886441	T	G	1.193882	11.71
3	53529514	G	T	1.181613	11.65
3	70730299	C	T	1.173983	11.61
22	37590610	C	T	1.168928	11.58
2	13545393	T	A	1.149239	11.48
3	44586029	A	G	1.14711	11.47
11	118062285	G	A	1.138471	11.42
2	18875547	G	A	1.121222	11.33
3	55244068	C	T	1.114294	11.29
22	37590558	C	G	1.106219	11.25
2	14119111	CCTTCT	C	1.097768	11.2
3	51494563	T	A	1.09528	11.19
3	56984157	T	A	1.088088	11.15
3	44586115	G	A	1.083934	11.13
2	18875539	T	C	1.073883	11.07
2	23929959	TTTGATTCCTACTTTTG	T	1.064576	11.02
3	53529508	CA	C	1.05534	10.97
11	115750994	A	G	1.04709	10.93
11	118062280	C	T	1.047563	10.93
2	14119118	A	G	1.039544	10.88
2	18875530	T	G	1.022335	10.79
11	112468252	C	CATTAAAA	1.017522	10.76
22	37590543	G	A	0.973535	10.51
2	26973398	T	A	0.967671	10.47
22	30234785	CAT	C	0.952008	10.38
3	51494869	G	C	0.931136	10.26
2	17987304	CAGGA	C	0.92735	10.24
11	106960332	A	G	0.92669	10.23
11	101554254	T	A	0.922862	10.21
3	62051776	G	GTTTTTT	0.886264	9.986
2	23929985	C	CACCGA	0.879294	9.944
11	101860906	CT	C	0.878206	9.938
11	101860902	C	CGG	0.874011	9.913
11	125121477	G	GTTTTTTA	0.867618	9.874
11	125816439	C	CTTTTT	0.863151	9.848
11	116492149	C	T	0.859393	9.825
3	51494539	C	A	0.849682	9.767
11	101957599	C	A	0.835774	9.683
11	115846553	C	CGTGTGTGT	0.834701	9.676
11	124572684	C	CT	0.831948	9.66
11	118062260	T	G	0.831251	9.655
11	102904861	T	G	0.829356	9.644
11	112468237	T	G	0.827938	9.635
2	13517236	C	G	0.827431	9.632
2	20126007	C	A	0.823928	9.611
11	104671955	AATAAAT	A	0.821676	9.597
11	103242689	TAA	T	0.821583	9.596
3	53529507	G	GGT	0.816671	9.566
3	74686280	CACA	C	0.81624	9.564
3	61175323	A	G	0.815457	9.559
22	37590607	A	C	0.809235	9.521
3	51494542	C	T	0.797147	9.446
11	118443063	G	C	0.795348	9.435
11	101860904	T	G	0.794318	9.429
2	5143628	C	T	0.79219	9.416
2	17987292	G	T	0.775516	9.312
11	116492143	C	CA	0.77493	9.308
11	118062292	G	C	0.770731	9.282
2	20535780	TGAAAAATATACTAC	T	0.767273	9.26
11	115750966	T	G	0.76218	9.228
11	102904853	C	CGG	0.752956	9.169
2	20126009	C	T	0.749323	9.146
11	116492145	C	CG	0.745574	9.122
11	118062252	A	G	0.745178	9.12
11	94834599	CAG	C	0.744184	9.113
11	112468254	G	A	0.744009	9.112
11	81693009	A	T	0.739775	9.085
2	20125488	A	G	0.739402	9.083
3	59381676	C	T	0.725812	8.995
2	5771046	T	C	0.722271	8.972
3	70730421	G	A	0.720623	8.962
2	28219376	CAAATTCTAAA	C	0.7168	8.937
11	101957617	G	A	0.711378	8.901
2	16101601	A	G	0.704055	8.854
11	109137911	G	A	0.701949	8.84
3	70730430	T	C	0.701302	8.836
3	65647418	C	T	0.699991	8.827
3	70730432	C	A	0.698052	8.814
11	101860909	AGATTCTTCT	A	0.694843	8.793
11	116492138	CA	C	0.694085	8.788
11	101860900	C	T	0.682748	8.714
22	37590674	T	C	0.681644	8.706
11	102904848	TATTG	T	0.68023	8.697
11	101957600	A	G	0.679184	8.69
2	17987311	CCCCACA	C	0.678073	8.683
3	51494950	G	C	0.671062	8.636
3	51494954	G	C	0.670633	8.634
2	29927015	CAGCT	C	0.667285	8.611
2	25525606	TAGTA	T	0.665449	8.599
2	5144098	T	C	0.664203	8.591
11	127115002	C	T	0.658213	8.551
11	125121482	G	T	0.657058	8.543
3	53962057	G	C	0.648188	8.484
11	131940140	AAACAC	A	0.647061	8.477
11	106960333	G	T	0.645784	8.468
3	48882178	C	A	0.637647	8.413
11	118062267	G	A	0.636893	8.408
11	102904856	GAC	G	0.633145	8.383
11	118062159	T	A	0.632829	8.381
2	25525628	T	C	0.627224	8.343
11	101860896	C	CTTTTTTTAA	0.626783	8.34
2	3800693	CAG	C	0.626682	8.339
2	13517242	T	TC	0.622507	8.311
11	125121484	CTCTGTTCTCTG	C	0.619319	8.289
3	48882058	G	T	0.615858	8.266
3	70843119	TC	T	0.614928	8.259
3	73524239	CAGAA	C	0.611335	8.235
2	20125485	G	A	0.605727	8.196
3	59381697	A	G	0.603783	8.182
3	56984151	A	G	0.597639	8.14
11	77356434	A	G	0.592371	8.103
3	64462482	ATC	A	0.591695	8.099
3	70730413	C	T	0.590931	8.093
11	119021117	G	A	0.588487	8.076
3	62051794	A	G	0.582654	8.035
2	20125495	G	T	0.582525	8.034
2	3800687	CAA	C	0.580756	8.022
11	104887855	A	G	0.577905	8.002
3	48882059	G	T	0.575947	7.988
2	29927022	CCTTTA	C	0.572626	7.965
2	16101553	C	T	0.561825	7.888
11	118062233	G	A	0.560001	7.874
11	102904862	C	CCG	0.559049	7.868
11	101860898	C	G	0.556492	7.849
3	70730446	C	T	0.556063	7.846
3	51494645	C	CA	0.553442	7.827
11	110744469	T	A	0.551842	7.816
3	64462525	A	C	0.549289	7.797
11	118062237	A	G	0.548583	7.792
2	8702031	C	T	0.548524	7.792
11	112468228	CAACT	C	0.540478	7.733
11	133533276	T	G	0.53258	7.675
11	77038578	T	G	0.52861	7.646
11	108211098	GATAAT	G	0.527795	7.64
2	20125405	G	A	0.527358	7.637
3	72518481	G	T	0.527456	7.637
3	52333072	A	AT	0.525455	7.623
11	118062171	C	T	0.516467	7.556
22	37590666	T	C	0.51434	7.54
3	62051781	GAGGAGGGA	G	0.511211	7.516
11	112468234	C	CGGTGG	0.500253	7.433
11	118062105	G	A	0.499624	7.428
3	60825982	C	A	0.498801	7.422
11	93062207	C	CAAAAAAA	0.498317	7.418
11	116492119	TAAAATA	T	0.496185	7.402
11	105650544	T	A	0.495128	7.394
11	124572685	C	CGGTGGTCGCCGTATCATT	0.492038	7.37
22	36107646	T	TTTCCTTCCTTCC	0.491795	7.368
2	14119096	TGCA	T	0.491554	7.366
2	26973235	C	A	0.488547	7.343
3	56984140	C	T	0.485385	7.318
11	130611176	G	A	0.481543	7.288
3	41686192	G	A	0.48099	7.284
11	128513480	C	CTTTTTTAA	0.479947	7.276
11	101957581	G	A	0.477096	7.254
3	70730158	TG	T	0.474849	7.236
11	124268782	CAA	C	0.474264	7.231
11	82303791	CTT	C	0.473556	7.226
11	124268792	TTTA	T	0.466359	7.169
2	12916390	TCCATAAG	T	0.466301	7.168
11	133789013	C	CGG	0.458089	7.102
2	13517237	A	AAT	0.458087	7.102
2	29927004	CA	C	0.454518	7.073
3	48882183	C	A	0.454204	7.071
2	17987303	G	T	0.452031	7.053
11	118062109	G	A	0.45133	7.047
2	13535089	AGAG	A	0.449299	7.031
3	51494624	T	A	0.449048	7.029
3	51494646	TGG	T	0.447663	7.017
11	105757248	A	G	0.446179	7.005
11	124258104	G	A	0.444019	6.987
2	29702073	GAAGCAGGC	G	0.441525	6.967
2	21746531	T	A	0.438935	6.945
3	55943547	CACAGACAGAA	C	0.437018	6.929
3	41816137	C	A	0.436321	6.923
3	45431981	T	C	0.435681	6.918
11	134799333	C	T	0.431297	6.881
11	106960344	G	T	0.430391	6.874
2	3800679	TGTATTC	T	0.429309	6.865
3	58892839	G	A	0.426395	6.84
11	127171151	C	A	0.426193	6.839
2	11136744	T	A	0.425161	6.83
11	112468240	C	G	0.423942	6.82
11	104887859	A	T	0.423125	6.813
3	59381695	G	T	0.421401	6.798
11	105650519	CTTA	C	0.419825	6.785
2	25525627	T	TA	0.419866	6.785
11	83150753	A	G	0.415736	6.75
3	41816187	C	T	0.415379	6.747
2	20886435	A	T	0.413746	6.733
11	108211095	TAA	T	0.411252	6.711
3	47873420	C	CTTTTTTT	0.410802	6.707
11	103242685	TGCC	T	0.408854	6.691
2	11642074	C	T	0.406242	6.668
11	77038577	C	T	0.403184	6.642
3	73633650	GTA	G	0.399507	6.61
11	116492137	C	CGG	0.397758	6.594
3	53195880	A	C	0.394166	6.563
11	124069859	C	T	0.392066	6.545
2	21746515	G	A	0.39103	6.536
11	80587030	T	A	0.389597	6.523
2	12026248	A	T	0.388277	6.511
2	23929982	A	AATGATACGGCG	0.387815	6.507
3	69584354	TACAA	T	0.385893	6.49
11	76152514	C	T	0.38302	6.465
2	3634090	CTAGCT	C	0.382632	6.461
2	15976842	T	A	0.382514	6.46
11	83150758	CTG	C	0.37942	6.433
2	12027082	G	A	0.378451	6.424
2	25525604	C	T	0.377836	6.419
2	16416076	C	A	0.376026	6.403
11	133533278	A	C	0.374576	6.39
3	56984142	T	C	0.373635	6.381
11	119955845	T	C	0.372802	6.374
11	98266803	G	T	0.370891	6.357
11	124572691	ATTAAAGCCTGCTGGGGAGT	A	0.370734	6.355
11	110744468	T	G	0.368488	6.335
11	101569851	T	A	0.365572	6.309
2	4195779	A	G	0.365578	6.309
2	12026250	A	C	0.365223	6.306
11	84869850	T	A	0.36172	6.274
11	93972400	G	A	0.360321	6.261
16	2214456	T	G	0.359172	6.251
11	83150761	CATTT	C	0.358512	6.245
11	114787600	TGC	T	0.352675	6.191
2	26972838	T	G	0.352033	6.185
11	90752796	G	A	0.349641	6.163
11	94570143	TC	T	0.349125	6.158
11	118062226	C	G	0.348644	6.154
3	59383111	G	A	0.348335	6.151
11	126740764	C	A	0.345104	6.121
11	119955838	G	A	0.343837	6.11
11	102904864	ATTTC	A	0.342781	6.1
11	115257348	T	A	0.341895	6.092
11	124268799	ATTTGCC	A	0.340996	6.083
3	45431995	A	G	0.340343	6.077
2	13517241	A	ACAC	0.335784	6.035
2	16416469	G	A	0.334562	6.023
11	92876121	T	G	0.334076	6.019
2	16416070	G	T	0.330608	5.986
11	111227856	ACT	A	0.329794	5.978
2	20125410	A	C	0.329224	5.973
22	37227831	CTT	C	0.328963	5.97
11	80661081	C	CAAAAAAA	0.326526	5.948
22	35091123	TTA	T	0.325212	5.935
11	110080125	C	T	0.324722	5.93
11	90103653	C	T	0.31881	5.874
2	21746521	A	G	0.317202	5.859
11	94489261	T	A	0.316387	5.851
11	90103654	A	G	0.314941	5.838
2	16715918	TTAGACAAAAA	T	0.313905	5.828
3	70730155	A	G	0.312568	5.815
2	25525613	TGTG	T	0.312426	5.813
11	118062119	G	A	0.31212	5.811
2	17987319	C	CATTAAAAAA	0.310634	5.796
3	42282533	C	A	0.309583	5.786
2	28219397	C	A	0.309068	5.781
11	94570140	C	CATTTTTT	0.30635	5.755
22	35511969	C	G	0.304036	5.733
3	52687536	T	C	0.303333	5.726
22	34731475	T	A	0.303228	5.725
11	104887857	G	T	0.303132	5.724
3	52333088	C	A	0.300759	5.701
11	133533272	C	CTTTTTT	0.300458	5.698
3	67199656	C	A	0.299414	5.688
11	118062230	G	GAT	0.29713	5.666
22	39628038	T	C	0.295692	5.652
3	58748205	T	G	0.293162	5.627
2	5771030	T	C	0.292829	5.624
2	12027053	T	C	0.291941	5.615
3	59361641	A	G	0.290208	5.598
11	110744462	T	A	0.290056	5.597
3	62051777	AG	A	0.288795	5.584
11	110744451	TCAAC	T	0.288611	5.583
22	34731463	TCTTGA	T	0.288589	5.582
11	82303800	CAT	C	0.28581	5.555
11	124258103	A	G	0.28473	5.544
3	54856858	C	T	0.283725	5.535
3	59361287	T	C	0.282723	5.525
3	41816190	T	C	0.282098	5.519
11	97526498	T	A	0.280473	5.502
2	20283304	T	A	0.276999	5.468
11	109274510	T	A	0.274295	5.441
2	18875740	T	G	0.273075	5.429
3	62051801	T	G	0.272179	5.42
11	86000454	G	T	0.271376	5.412
11	111227854	TC	T	0.270875	5.407
11	101860923	G	A	0.270066	5.399
3	67199664	A	G	0.269192	5.39
11	115750599	G	A	0.268589	5.384
11	118598472	C	T	0.267912	5.378
11	130854734	G	A	0.267243	5.371
11	94834597	C	CG	0.265119	5.35
11	111870155	C	A	0.26429	5.341
11	105650530	C	CCG	0.264122	5.34
11	94570151	CCATGCTG	C	0.262736	5.326
11	134276774	C	A	0.261522	5.313
11	80587018	TCCAG	T	0.260253	5.301
3	53699063	C	T	0.259509	5.293
22	35091141	T	A	0.258757	5.286
11	84869829	GCAC	G	0.257662	5.275
11	94834607	T	G	0.257675	5.275
2	26133196	T	C	0.254179	5.239
11	103242694	G	T	0.251471	5.212
2	3634089	C	A	0.25076	5.205
11	119955837	G	A	0.24994	5.196
2	26973183	G	A	0.249377	5.191
3	41686255	A	G	0.249218	5.189
3	41686227	T	G	0.248425	5.181
2	26133188	A	G	0.247881	5.176
11	114787604	TTGACTTTG	T	0.247348	5.17
3	58748200	G	A	0.247203	5.169
2	8713631	A	C	0.247077	5.167
2	28219370	G	A	0.246225	5.159
22	34731480	ATGTG	A	0.24571	5.153
11	114787622	C	A	0.245316	5.149
3	45431996	G	T	0.244831	5.144
2	20125416	T	C	0.244664	5.143
2	11642076	C	T	0.244297	5.139
11	125406897	G	A	0.243691	5.133
22	39628040	G	GC	0.242409	5.12
2	6223467	T	G	0.242305	5.119
2	24640466	T	A	0.242336	5.119
3	69584359	C	CG	0.241079	5.106
3	41686231	A	G	0.239711	5.092
2	25525629	G	GGCGACCACCGA	0.239441	5.089
11	80482583	G	A	0.23915	5.086
3	58727242	G	T	0.237722	5.072
11	133482652	G	T	0.237333	5.068
11	85821245	G	A	0.237205	5.066
3	64462485	A	ATG	0.236351	5.058
2	26973182	G	A	0.236201	5.056
2	4195758	A	G	0.236001	5.054
3	59381705	A	G	0.235948	5.054
3	52333085	C	G	0.235224	5.046
11	117428549	C	A	0.234531	5.039
2	8884493	CAAAAA	C	0.234573	5.039
11	128513495	CTTGGGCTCTA	C	0.23299	5.023
2	12916409	GACT	G	0.232144	5.014
11	118062220	A	T	0.231707	5.01
2	12916400	CAT	C	0.229731	4.99
11	86409552	C	T	0.22831	4.975
11	117080805	G	A	0.228056	4.972
3	53529497	G	A	0.228067	4.972
2	28219400	G	A	0.225764	4.948
11	90195265	A	G	0.224362	4.934
3	44240594	ACCATGC	A	0.224148	4.932
11	87512480	T	A	0.222172	4.911
3	44586228	T	C	0.221314	4.902
3	42282543	C	G	0.220994	4.899
11	90195266	T	G	0.220134	4.89
11	90195262	C	T	0.220069	4.889
11	98319791	C	A	0.219719	4.886
11	119379430	C	A	0.21921	4.88
22	37590627	G	A	0.21895	4.878
3	70730154	C	T	0.218228	4.87
11	115750598	T	C	0.218157	4.869
2	3634105	T	A	0.218051	4.868
22	37590536	G	A	0.21741	4.862
11	98672565	T	A	0.217199	4.859
2	24604323	G	A	0.215938	4.846
11	95046374	C	A	0.214496	4.831
11	80587007	TACA	T	0.212152	4.807
2	12916415	C	CG	0.21193	4.804
2	25525618	AGGTTC	A	0.210529	4.79
3	48097602	T	TGGGCG	0.210173	4.786
22	34731487	A	G	0.208413	4.768
11	94081326	C	T	0.207564	4.759
11	104671965	A	C	0.20725	4.755
2	12026237	G	T	0.20717	4.755
16	2861175	A	G	0.206911	4.752
3	45431982	A	T	0.204169	4.723
11	95046324	TGC	T	0.202422	4.705
11	128188306	T	TAC	0.202469	4.705
2	26076284	C	T	0.20131	4.693
16	2596424	T	A	0.199898	4.678
16	2596421	A	G	0.198935	4.668
2	20285562	C	A	0.198817	4.667
2	14490060	T	A	0.198291	4.661
2	24604322	T	C	0.197475	4.653
2	26973305	C	T	0.197534	4.653
2	16416487	A	G	0.196718	4.645
2	27766356	C	CT	0.196413	4.641
11	101566137	C	T	0.19456	4.622
2	11642059	TGAGATGGAG	T	0.193594	4.611
11	117428539	GGCCA	G	0.193044	4.606
22	38445962	C	A	0.192743	4.602
22	34204946	A	C	0.192647	4.601
11	85821248	G	A	0.192268	4.597
11	132524649	T	G	0.192101	4.596
22	37227846	TTCC	T	0.19167	4.591
3	50122855	C	T	0.191195	4.586
22	30726313	T	A	0.189734	4.571
11	82303797	A	G	0.187681	4.549
11	114787624	T	C	0.187118	4.543
11	101483006	CTACA	C	0.187006	4.542
2	4195772	A	G	0.186977	4.541
11	116492134	C	A	0.186683	4.538
22	38835581	T	A	0.185738	4.528
3	51494644	G	GT	0.185625	4.527
3	73524233	G	T	0.184096	4.511
3	70842811	T	C	0.184019	4.51
11	123263439	G	A	0.183733	4.507
2	11316423	C	T	0.183598	4.505
11	124268786	C	CGGTGGTCGCCG	0.183016	4.499
11	86481789	G	A	0.18142	4.482
2	11642073	G	T	0.181409	4.482
3	62051780	A	T	0.179175	4.458
11	80587011	TAA	T	0.177901	4.445
2	29927011	C	T	0.177111	4.436
22	37227816	CT	C	0.17632	4.428
3	42328510	GT	G	0.176133	4.426
11	118598474	C	A	0.175406	4.418
11	115750942	G	A	0.175051	4.414
2	14054533	T	TTTAAA	0.174853	4.412
2	9176430	CAG	C	0.174461	4.408
22	35091147	C	A	0.174056	4.404
11	93969845	C	T	0.17398	4.403
22	38794110	A	C	0.173647	4.399
2	9176437	ACAGACACCCC	A	0.173512	4.398
11	105650524	C	CGG	0.173227	4.395
11	126740754	TG	T	0.172742	4.39
11	109569612	C	CAAAAAAAAAA	0.17263	4.388
2	12272909	CAG	C	0.171149	4.373
11	115257345	C	CG	0.170361	4.364
3	52970927	TG	T	0.170324	4.364
2	28219393	C	CGCCGTATCA	0.16761	4.335
2	27780785	C	T	0.16747	4.333
3	70842816	T	C	0.167154	4.33
3	59361304	C	G	0.166455	4.322
11	109050566	G	A	0.166086	4.318
11	119379413	A	G	0.165013	4.307
11	118598329	G	A	0.164025	4.296
3	41327089	G	A	0.16323	4.288
2	20285574	C	A	0.163081	4.286
11	94081329	T	C	0.16217	4.276
2	18875739	C	A	0.161936	4.274
3	54874958	C	T	0.161551	4.27
3	67848255	A	C	0.161334	4.267
2	29702070	CCT	C	0.160977	4.264
3	55868786	C	A	0.160693	4.261
2	10524155	C	CCA	0.159652	4.249
11	105650545	C	A	0.159003	4.242
3	67199678	G	A	0.158551	4.238
2	23207448	C	T	0.158287	4.235
2	18875733	T	C	0.157356	4.225
11	94081349	G	A	0.157207	4.223
11	95046388	ACT	A	0.157154	4.223
11	117428552	AACGAGGGG	A	0.156894	4.22
2	27266887	T	A	0.153182	4.18
11	124268790	T	C	0.153086	4.179
2	26973310	T	A	0.152888	4.177
3	70730248	C	T	0.151659	4.163
11	103010343	T	G	0.15024	4.148
2	28219390	T	G	0.149087	4.136
2	13378764	T	A	0.149055	4.135
2	6223474	TCCTGCACAGC	T	0.148717	4.132
2	15682166	A	G	0.148694	4.132
3	58876923	C	T	0.148555	4.13
11	125734086	T	C	0.145497	4.097
2	4195759	G	A	0.144444	4.086
3	58748234	T	C	0.144279	4.084
22	38794117	A	C	0.143563	4.076
11	102904871	C	A	0.143025	4.071
11	89828457	C	T	0.141664	4.056
3	58805354	T	G	0.141666	4.056
3	58876906	T	C	0.140841	4.047
11	101860921	GT	G	0.140525	4.044
11	118062129	C	A	0.140582	4.044
3	63537545	C	CTATTTATT	0.140302	4.041
22	38445964	GC	G	0.140159	4.04
11	94081858	T	C	0.139417	4.032
3	49419728	G	A	0.13783	4.015
3	67199739	C	G	0.137917	4.015
22	36095510	C	T	0.137605	4.012
22	33997307	CACGCTAGG	C	0.137498	4.011
3	73524237	A	T	0.137543	4.011
16	2956924	T	A	0.137235	4.008
11	90752795	A	C	0.135602	3.99
3	62051792	A	ACGG	0.135463	3.989
2	8713638	A	C	0.135223	3.986
11	130466881	G	A	0.13435	3.977
2	5774382	T	G	0.133504	3.968
11	128702269	CT	C	0.1321	3.953
11	82303795	A	C	0.132049	3.952
16	2215242	A	G	0.129677	3.927
11	95046161	A	T	0.129523	3.925
11	114787617	C	A	0.129433	3.924
2	12027126	T	A	0.129122	3.921
3	69584364	AT	A	0.129075	3.92
11	121990454	C	CAAAAAAA	0.128207	3.911
22	34254483	T	A	0.12792	3.908
11	128702277	C	CATTAAAA	0.126499	3.892
3	40944826	T	A	0.12504	3.877
11	118062151	T	C	0.123639	3.862
3	65683931	C	T	0.122525	3.85
3	59383119	A	G	0.12223	3.846
3	69584343	TC	T	0.121959	3.843
2	5768495	C	T	0.120792	3.831
11	114787626	G	A	0.120512	3.828
2	29315831	C	T	0.119416	3.816
3	50122758	G	A	0.118926	3.811
11	82303798	T	TGG	0.118819	3.81
3	44240619	T	C	0.118467	3.806
2	28219387	T	G	0.118091	3.802
2	9176424	T	TCTCGG	0.117543	3.796
11	124375856	C	A	0.1173	3.793
11	128513483	A	AT	0.114999	3.769
3	42328506	T	C	0.115071	3.769
11	118597669	C	T	0.113689	3.755
11	115750928	G	T	0.113378	3.751
3	59361359	C	A	0.111863	3.735
11	95046391	C	A	0.110541	3.721
11	88523512	T	C	0.110349	3.719
2	29702065	C	CGA	0.109586	3.71
11	118062203	C	G	0.106913	3.682
3	53529500	G	T	0.105421	3.666
11	109050531	T	C	0.104144	3.652
11	108211107	T	C	0.103972	3.65
11	116497127	TATACACATATAC	T	0.103853	3.649
11	93679735	T	C	0.100119	3.609
2	16101633	T	A	0.099997	3.608
3	46081098	T	C	0.100006	3.608
11	131939050	A	G	0.099819	3.606
11	83150748	G	GTTTTTTAAT	0.099631	3.604
2	16101622	C	T	0.099121	3.598
3	46081102	C	T	0.097873	3.585
11	111227849	C	CGT	0.096849	3.574
22	38445973	G	A	0.096417	3.57
11	86875415	A	G	0.094832	3.553
11	86409568	AACTATG	A	0.093565	3.539
2	20285475	C	T	0.092746	3.53
11	100282155	C	T	0.092363	3.526
11	129960654	G	A	0.091359	3.516
3	63683863	A	G	0.091193	3.514
11	89949342	GA	G	0.090633	3.508
11	94570145	C	G	0.090425	3.506
11	89828357	C	A	0.090321	3.505
3	53529502	G	T	0.08904	3.491
2	6223461	CCA	C	0.08857	3.486
11	89488751	T	C	0.088059	3.481
2	12027115	A	G	0.08813	3.481
11	118599877	C	A	0.087985	3.48
2	27780806	T	C	0.086857	3.468
3	55912472	G	T	0.086316	3.462
11	124375901	C	T	0.085511	3.454
11	96464275	C	A	0.084896	3.447
11	125586039	T	A	0.084607	3.444
3	62051799	A	C	0.084623	3.444
3	41686265	G	A	0.084426	3.442
3	48253113	C	T	0.083924	3.437
11	93971862	G	A	0.08387	3.436
2	26973284	A	G	0.083752	3.435
3	41689045	G	A	0.083481	3.432
3	58748229	C	G	0.083221	3.429
3	45348449	A	C	0.082979	3.427
11	100158174	G	A	0.081759	3.414
11	102904873	T	TAAAAAA	0.081692	3.413
11	93680455	C	CG	0.08133	3.409
11	129960623	C	T	0.080037	3.396
3	59381738	A	G	0.079958	3.395
2	3720653	A	G	0.079759	3.393
11	78394388	G	A	0.079393	3.389
11	94834603	AG	A	0.078584	3.38
11	95343209	ACTCAAATATGGAAGTATGGGGTCCTT	A	0.078407	3.378
2	12027114	C	G	0.078292	3.377
11	75460396	C	T	0.078188	3.376
11	129961106	C	G	0.078173	3.376
3	54874956	A	G	0.077406	3.368
3	66413857	G	GATACGGCGACCACC	0.077253	3.366
11	95046322	C	CAA	0.07638	3.357
11	128513486	T	G	0.07463	3.339
11	101256862	T	C	0.073686	3.329
3	41883651	T	A	0.072102	3.312
11	101021035	TCTTG	T	0.071346	3.304
22	32305067	C	T	0.071298	3.304
11	83303156	G	A	0.070579	3.296
2	11185925	A	T	0.069963	3.29
11	109274480	C	A	0.068844	3.278
2	29316017	C	T	0.068478	3.274
11	90195284	C	T	0.068258	3.272
11	80587025	T	TG	0.06792	3.268
3	53699073	C	CTTCTAG	0.066849	3.257
11	121511150	G	A	0.066392	3.252
2	23207416	C	T	0.065959	3.248
2	27763624	C	T	0.065567	3.244
3	69584369	C	A	0.064281	3.23
2	28660425	C	G	0.062786	3.215
3	59361371	C	A	0.062632	3.213
2	20285544	C	T	0.061752	3.204
2	10945013	C	A	0.060413	3.19
11	93680444	G	A	0.06019	3.188
3	58805348	A	G	0.059843	3.184
22	36050587	C	CTCTA	0.059688	3.183
11	104671966	A	C	0.058779	3.173
2	3638029	T	C	0.058785	3.173
11	93966261	C	T	0.058484	3.17
3	45348454	A	C	0.0585	3.17
11	83302908	C	A	0.057952	3.165
11	110080120	G	T	0.057781	3.163
22	38445960	C	T	0.057409	3.159
11	104671962	G	C	0.056794	3.153
11	93680465	AC	A	0.056375	3.148
3	51494824	G	T	0.056306	3.148
11	95196128	TTGTGTG	T	0.055777	3.142
11	95046330	G	A	0.055147	3.136
11	126740762	G	A	0.054165	3.126
11	86481787	C	A	0.053218	3.116
3	58876915	G	A	0.052791	3.111
11	93971557	G	A	0.051557	3.099
2	12916404	GGCC	G	0.051533	3.098
11	124258106	G	C	0.050568	3.089
11	127205049	C	A	0.050608	3.089
11	128702252	TGAAGGTGC	T	0.050144	3.084
3	51494505	G	A	0.049441	3.077
2	15976845	T	G	0.049251	3.075
22	30726318	C	T	0.048951	3.072
3	52687537	G	A	0.048499	3.067
2	15682226	T	C	0.048117	3.063
22	37590520	C	CT	0.046949	3.051
11	94570165	GC	G	0.045772	3.039
22	37993403	A	G	0.045186	3.033
3	69584347	C	CGG	0.044901	3.03
11	119011224	A	G	0.043969	3.021
11	101256859	G	A	0.043383	3.015
11	128702274	C	G	0.042849	3.01
3	58805355	C	T	0.042603	3.007
11	109274498	C	T	0.042545	3.006
22	38445958	A	T	0.041669	2.998
2	13378771	T	C	0.041504	2.996
11	84869836	C	CCG	0.041246	2.993
3	69584352	GC	G	0.040806	2.989
2	12769968	C	G	0.039996	2.981
22	39628046	T	C	0.039609	2.977
3	63683754	G	A	0.039595	2.977
16	3042718	C	T	0.038958	2.97
11	118597659	C	T	0.03873	2.968
11	115011210	A	G	0.038346	2.964
2	14119108	T	TACGGCGAC	0.038173	2.962
11	91764789	A	G	0.037974	2.96
3	47178820	C	T	0.037777	2.958
3	41327090	A	T	0.037158	2.952
11	95394738	TAC	T	0.037097	2.951
2	20125418	G	T	0.03573	2.937
2	26004828	C	CTTT	0.035646	2.937
11	126740756	TGGC	T	0.035392	2.934
11	117428537	A	C	0.034819	2.928
2	16101623	C	G	0.034584	2.926
2	4650293	C	T	0.034446	2.924
2	29316086	G	A	0.03359	2.916
2	20283301	G	A	0.033097	2.911
3	65239298	G	A	0.03286	2.908
11	117428561	T	TTAAAAAA	0.03168	2.897
11	110027903	C	A	0.03142	2.894
11	99654323	TG	T	0.031119	2.891
22	35091138	C	A	0.030979	2.89
2	20285530	C	T	0.030664	2.886
22	36025489	T	G	0.030472	2.885
11	94489260	C	T	0.03027	2.883
3	46081108	A	T	0.030021	2.88
2	14054535	G	A	0.029587	2.876
11	83303036	G	A	0.027328	2.853
2	3846059	T	A	0.027265	2.852
11	128702278	C	A	0.026377	2.844
2	26972943	A	G	0.026464	2.844
11	118062115	AT	A	0.025819	2.838
11	104065289	G	T	0.025142	2.831
11	93967279	G	A	0.02446	2.825
2	20285548	T	C	0.023817	2.818
2	17325174	T	C	0.023225	2.812
3	42282574	A	T	0.021482	2.795
3	47178813	G	A	0.02136	2.794
2	20285436	G	A	0.020945	2.79
3	54838079	G	A	0.020834	2.789
2	12027066	A	T	0.020743	2.788
11	119011223	C	T	0.02042	2.785
11	121511142	G	A	0.019438	2.775
3	46081090	A	G	0.019186	2.772
11	84869826	C	CGG	0.01874	2.768
11	93972481	A	G	0.018329	2.764
3	55943565	G	A	0.018308	2.764
11	87367304	T	A	0.018024	2.761
3	73524235	A	ATG	0.018038	2.761
3	59361351	C	G	0.016907	2.75
2	12027109	G	T	0.016717	2.748
2	16216166	C	T	0.015039	2.732
11	85899411	C	A	0.014891	2.73
11	93368342	GCGCACACA	G	0.014817	2.729
11	110466536	C	T	0.013772	2.719
11	98672209	C	T	0.01346	2.716
11	122615606	TGCGC	T	0.01338	2.715
11	94489268	A	G	0.013074	2.712
11	116468640	C	A	0.012255	2.704
11	111870160	ACT	A	0.011877	2.701
11	94489267	C	T	0.011375	2.696
11	105650526	T	G	0.011177	2.694
11	101086455	C	T	0.010931	2.691
11	101090500	A	G	0.010233	2.685
11	105650531	T	TA	0.009864	2.681
11	84869843	ATC	A	0.009707	2.68
2	9176428	T	TC	0.00958	2.678
3	73688786	G	T	0.009453	2.677
11	103010249	C	T	0.008921	2.672
11	111227846	T	TC	0.008839	2.671
2	12027108	A	G	0.008777	2.67
11	95046378	T	C	0.006835	2.652
11	94489262	G	A	0.006451	2.648
3	63123152	G	A	0.005972	2.643
11	83302982	T	C	0.00576	2.641
2	15976820	CCA	C	0.00562	2.64
3	44586189	A	G	0.005629	2.64
11	124258123	T	G	0.005476	2.639
11	127647168	C	A	0.005489	2.639
3	44389812	CAG	C	0.005473	2.639
11	89823336	G	A	0.005424	2.638
3	63125625	C	G	0.005073	2.635
11	81992003	T	A	0.004246	2.627
2	14054537	A	T	0.004172	2.626
22	30234782	A	C	0.003864	2.623
3	70730238	G	A	0.00382	2.623
2	3634103	G	A	0.003685	2.621
11	94570164	T	C	0.003088	2.616
2	17325182	A	C	0.001388	2.599
2	26973288	A	G	0.000692	2.593
11	94834589	T	A	-0.000187	2.584
11	110744464	A	AC	-0.001078	2.576
11	96464281	G	A	-0.00186	2.568
2	20285554	C	T	-0.002395	2.563
11	83302528	C	T	-0.003217	2.555
3	69584367	C	CATTAAA	-0.003784	2.55
22	32305068	A	G	-0.003924	2.549
16	2596420	C	T	-0.004869	2.54
11	127647161	C	T	-0.005352	2.535
11	96801961	C	T	-0.005433	2.534
2	27669898	T	C	-0.006562	2.524
22	35091142	ATTCT	A	-0.007256	2.517
22	38713377	C	CGCCGCCGCCGCCGCCGCCGCCGCCGCCGCCGCCGCCGCCGCCGCCGCCGCCGCA	-0.007519	2.515
3	70499205	C	G	-0.007423	2.515
2	17987318	G	GTAT	-0.007753	2.512
11	134574799	T	C	-0.008553	2.505
2	5740538	A	G	-0.008527	2.505
11	126379886	C	CAA	-0.008793	2.503
11	126740765	C	A	-0.009024	2.5
3	63017547	C	CAAAAAAAAAAA	-0.009175	2.499
11	110423940	T	A	-0.010498	2.487
3	58805369	A	T	-0.0105	2.487
11	118062139	AGT	A	-0.010714	2.485
11	84869846	AT	A	-0.010855	2.483
3	41600856	G	A	-0.011109	2.481
11	118598335	A	G	-0.011681	2.475
2	12027124	C	G	-0.01202	2.472
16	2138882	G	GCACA	-0.013065	2.463
3	41689036	C	G	-0.013856	2.455
22	31208315	G	A	-0.01408	2.453
11	94834587	C	T	-0.014451	2.45
11	85899377	A	G	-0.015331	2.441
11	87512496	T	C	-0.015685	2.438
11	75121701	C	G	-0.016459	2.431
11	95053889	G	A	-0.016416	2.431
3	59361390	T	C	-0.016609	2.43
11	89818513	G	A	-0.01684	2.427
3	71693623	C	A	-0.017677	2.42
11	121549306	G	A	-0.018197	2.415
22	37993404	T	C	-0.019059	2.407
11	126740745	CCCT	C	-0.019908	2.399
22	39628035	A	ATG	-0.02005	2.398
16	3210779	T	A	-0.020771	2.391
11	112779850	CT	C	-0.021311	2.386
22	34731472	T	TTAA	-0.022348	2.377
2	3634078	TCG	T	-0.02274	2.373
11	108245211	T	A	-0.022956	2.371
11	121511115	T	C	-0.023055	2.37
2	5774556	T	G	-0.024398	2.358
11	84018760	G	A	-0.02497	2.353
3	44310112	C	A	-0.025138	2.351
11	114714051	C	CCT	-0.025749	2.346
11	75460373	C	T	-0.025798	2.345
16	3407763	CCT	C	-0.025986	2.344
2	20285435	T	C	-0.025919	2.344
11	111227850	A	AT	-0.02636	2.34
3	58805344	A	G	-0.026802	2.336
22	32694616	T	C	-0.027661	2.328
11	83302486	C	G	-0.028752	2.318
3	42328517	T	C	-0.029252	2.314
11	108211105	T	TCG	-0.029939	2.308
3	44240620	C	G	-0.029903	2.308
11	89828343	C	T	-0.030262	2.305
3	50122836	A	C	-0.032076	2.289
3	63683695	G	A	-0.032049	2.289
11	93966465	T	C	-0.032423	2.285
2	8465995	A	G	-0.032511	2.285
2	23207453	C	T	-0.033266	2.278
2	5740534	A	G	-0.033889	2.272
2	20285538	C	G	-0.0343	2.269
11	83150767	ACTGAGTG	A	-0.03442	2.268
3	53404119	G	A	-0.03455	2.266
2	20642517	T	C	-0.035621	2.257
11	108211110	T	TCA	-0.035675	2.256
2	8702037	T	C	-0.036587	2.248
2	3800690	G	GGC	-0.036771	2.247
11	93970732	G	A	-0.037352	2.242
11	111870166	GATC	G	-0.037387	2.241
3	66060601	A	G	-0.037367	2.241
22	38794113	G	C	-0.039168	2.225
3	44145347	T	C	-0.039372	2.224
3	66060604	G	A	-0.039822	2.22
11	115257320	TCTC	T	-0.040456	2.214
11	81866857	C	G	-0.041388	2.206
3	62776674	T	TAA	-0.04178	2.203
2	12614750	C	CTTTTTTTTTT	-0.043455	2.188
3	68419503	T	C	-0.043381	2.188
11	83303141	T	C	-0.044872	2.175
11	83458361	TCCTTCCTTCCTG	T	-0.045507	2.17
3	47178808	G	A	-0.045792	2.168
11	101090485	G	A	-0.046219	2.164
2	17325178	T	C	-0.046715	2.159
22	35091122	T	TCGG	-0.046879	2.158
2	6223469	AT	A	-0.04759	2.152
11	124375965	G	A	-0.047705	2.151
2	8347484	G	A	-0.048542	2.144
11	130824124	A	C	-0.048987	2.14
2	25026130	G	T	-0.049023	2.14
3	46182272	T	A	-0.049416	2.136
3	68832891	AG	A	-0.049607	2.135
3	41601087	T	C	-0.049629	2.134
11	89479129	C	T	-0.050541	2.127
11	88770840	C	G	-0.050691	2.125
2	23451890	G	A	-0.050776	2.124
3	70730264	G	A	-0.050905	2.123
2	23877565	T	TG	-0.051181	2.121
22	32305060	C	T	-0.051171	2.121
11	109274518	T	C	-0.051512	2.118
11	109444292	T	A	-0.052018	2.114
2	18875655	G	A	-0.052203	2.112
11	128702271	T	G	-0.054089	2.096
3	53269255	A	C	-0.054563	2.092
11	121549311	TTTCC	T	-0.054683	2.091
2	16715935	A	T	-0.054674	2.091
11	108136528	A	G	-0.055436	2.085
2	19362766	T	A	-0.055921	2.081
2	18875653	G	A	-0.05654	2.075
3	59361386	G	A	-0.057028	2.071
11	100282156	C	G	-0.057534	2.067
3	40944998	T	A	-0.057581	2.067
22	34254462	T	G	-0.058145	2.062
11	101726607	T	A	-0.058249	2.061
11	84393213	C	T	-0.058748	2.057
11	98789617	G	C	-0.05895	2.055
2	16414442	T	C	-0.059182	2.053
22	32305058	C	T	-0.059331	2.052
11	84869849	G	A	-0.059902	2.047
3	41327096	A	G	-0.061045	2.038
11	93971843	T	C	-0.061094	2.037
11	87367204	T	A	-0.061666	2.032
11	89484237	A	G	-0.061905	2.03
2	29394895	C	T	-0.062127	2.029
3	70730232	C	T	-0.062075	2.029
11	89828375	C	T	-0.06465	2.008
2	11900014	T	C	-0.064644	2.008
3	63683854	G	A	-0.065613	2
2	12916417	C	CGTATCATTAAAAAA	-0.066631	1.991
16	2956923	T	G	-0.067774	1.982
2	24604321	G	T	-0.067861	1.981
22	38445967	G	T	-0.067959	1.98
11	110083493	T	A	-0.068677	1.975
2	29927012	T	TAATGA	-0.068785	1.974
3	63683760	A	G	-0.068963	1.972
2	29702066	T	C	-0.069194	1.97
3	49419744	T	C	-0.069335	1.969
11	122696525	A	G	-0.069901	1.965
22	37887603	C	G	-0.06988	1.965
11	104122925	T	A	-0.070246	1.962
3	42085274	A	C	-0.070686	1.958
3	44389808	C	A	-0.071743	1.95
11	134799593	C	G	-0.072369	1.945
3	69686609	AGCTG	A	-0.072587	1.943
3	41327103	T	G	-0.074047	1.931
2	17325187	T	C	-0.074297	1.929
11	82303808	ACTGT	A	-0.075899	1.916
3	73312252	A	C	-0.075981	1.915
11	118598309	G	A	-0.076717	1.91
2	16414419	T	C	-0.076929	1.908
11	93972362	AT	A	-0.07727	1.905
11	115257335	A	T	-0.078022	1.899
2	13378778	TC	T	-0.078525	1.895
11	89557337	A	G	-0.078974	1.892
3	63683851	T	C	-0.079187	1.89
11	110080147	G	C	-0.079798	1.885
11	124775169	GTATATATA	G	-0.080836	1.877
3	42328461	A	G	-0.080937	1.876
22	30726354	C	T	-0.082403	1.865
22	39921259	T	A	-0.08247	1.864
3	69686589	T	C	-0.082522	1.864
3	68419519	T	C	-0.083718	1.854
3	74366734	T	A	-0.083758	1.854
2	20285521	A	G	-0.084662	1.847
11	113617217	C	CAAAAAAAAA	-0.08506	1.844
2	3634097	G	GCGAC	-0.085641	1.839
11	121549294	T	TGG	-0.086217	1.835
11	94834594	T	C	-0.086548	1.832
11	84292955	C	CAAAAAA	-0.088266	1.819
22	32694647	A	G	-0.088239	1.819
3	55085229	T	A	-0.088896	1.814
11	87051534	C	T	-0.089165	1.812
2	13378742	A	T	-0.089247	1.811
11	104013364	G	T	-0.089724	1.808
2	5770680	G	A	-0.089656	1.808
11	132349655	G	A	-0.089841	1.807
11	98266732	A	G	-0.089891	1.806
11	129210899	G	A	-0.090113	1.805
3	70730253	A	T	-0.090115	1.805
3	44586077	G	A	-0.090422	1.802
3	40998547	T	G	-0.090895	1.799
2	6063284	T	C	-0.090985	1.798
3	53699093	G	A	-0.091346	1.795
11	117428547	T	TCGCCG	-0.091618	1.793
11	127741088	G	A	-0.091781	1.792
11	114239222	A	C	-0.093551	1.778
11	101112379	C	T	-0.094959	1.768
22	37887615	G	T	-0.095854	1.761
11	113528794	G	A	-0.097485	1.749
3	69686599	T	C	-0.097571	1.748
22	33997304	A	C	-0.098483	1.741
3	73160289	A	G	-0.098689	1.74
22	35091131	AT	A	-0.100537	1.726
11	119965200	TTTTG	T	-0.101646	1.718
11	85899385	G	A	-0.101718	1.717
11	104129835	C	CTGTG	-0.102421	1.712
11	108211109	T	TA	-0.10432	1.698
3	55085184	T	G	-0.104594	1.696
3	63683774	A	G	-0.105149	1.692
3	63177983	A	C	-0.106142	1.685
22	38835587	C	T	-0.106315	1.683
11	121549296	T	G	-0.106493	1.682
2	11900015	G	A	-0.106766	1.68
3	63683898	G	A	-0.107026	1.678
3	41688972	A	G	-0.107634	1.674
2	23616530	G	T	-0.109868	1.658
11	124268785	A	T	-0.109912	1.657
22	37993426	C	T	-0.110428	1.654
11	113528409	A	G	-0.113009	1.635
11	103010366	A	C	-0.113667	1.631
11	115257325	TCCGCTTC	T	-0.113758	1.63
11	101726530	C	A	-0.114591	1.624
11	95046164	A	C	-0.114986	1.621
2	4694404	T	A	-0.115036	1.621
3	73312247	A	C	-0.115202	1.62
11	80587032	C	CACCG	-0.115237	1.619
11	78590231	C	CTGG	-0.11653	1.61
11	80385010	T	G	-0.116631	1.61
11	121549298	CATTT	C	-0.116824	1.608
11	85899420	A	G	-0.117482	1.604
11	76152521	G	GAGTAC	-0.117896	1.601
3	69584361	A	C	-0.118964	1.593
11	125910514	T	G	-0.119109	1.592
11	124375936	A	T	-0.119778	1.587
11	79805953	A	C	-0.120149	1.585
11	119011208	G	A	-0.120082	1.585
11	116492131	T	TTAA	-0.121062	1.579
2	28219395	T	TA	-0.12094	1.579
11	85899440	C	T	-0.121474	1.576
22	35091139	T	A	-0.121375	1.576
11	85899439	A	G	-0.121972	1.572
2	16715931	T	TAA	-0.122719	1.567
3	44240603	G	T	-0.122853	1.566
2	25163529	A	T	-0.123383	1.562
3	54092092	A	ATGTG	-0.123564	1.561
16	3122262	A	G	-0.124482	1.555
3	44240613	A	G	-0.124483	1.555
3	63683926	A	T	-0.124718	1.553
3	73312242	A	C	-0.125212	1.55
22	34731476	T	TACGGCG	-0.126684	1.54
11	110307314	A	C	-0.127056	1.537
2	13378736	TG	T	-0.127162	1.537
3	54874963	A	C	-0.127424	1.535
2	29315837	G	T	-0.127856	1.532
3	55243995	C	T	-0.127874	1.532
3	71746011	C	CAT	-0.129243	1.522
11	87512501	ACTGGAG	A	-0.129527	1.521
2	18398956	A	T	-0.129953	1.518
2	13378740	C	T	-0.130318	1.515
11	110466557	C	CA	-0.130835	1.512
16	2956906	C	T	-0.131104	1.51
11	95046298	G	T	-0.132195	1.503
22	39628036	A	AT	-0.132125	1.503
11	105183093	T	TAGTC	-0.132445	1.501
3	59021827	C	T	-0.133645	1.493
11	110744457	A	T	-0.13429	1.489
3	54838098	G	T	-0.13427	1.489
3	67199733	G	C	-0.135199	1.483
3	74366475	T	G	-0.135249	1.482
3	41689033	A	T	-0.136512	1.474
11	95046351	G	T	-0.137146	1.47
11	118598308	T	C	-0.138072	1.464
3	59361648	A	C	-0.139499	1.454
11	96801976	TGAA	T	-0.140734	1.446
11	77793087	G	A	-0.141407	1.442
11	89780432	T	G	-0.142136	1.437
11	109274503	A	C	-0.142148	1.437
11	78716693	G	A	-0.142494	1.435
11	89828463	T	A	-0.142982	1.432
11	91281563	CGTCT	C	-0.143553	1.428
11	117237900	A	T	-0.144288	1.423
11	128702266	T	TG	-0.14454	1.422
11	118606522	G	A	-0.145184	1.417
3	54727077	C	CCAA	-0.146773	1.407
11	110423847	T	G	-0.147393	1.403
3	45348459	CGGCT	C	-0.147639	1.402
3	51241889	A	G	-0.148039	1.399
22	35091128	A	C	-0.148641	1.395
3	44389804	G	A	-0.149134	1.392
2	29467995	A	G	-0.150152	1.386
11	108951241	C	A	-0.150508	1.384
2	16715938	T	C	-0.150587	1.383
11	98198286	G	T	-0.151515	1.377
11	124257736	C	T	-0.151646	1.377
3	63683852	G	A	-0.152089	1.374
11	105650536	TC	T	-0.152199	1.373
2	26004835	C	T	-0.153151	1.367
3	61198972	G	A	-0.153339	1.366
2	26973190	G	C	-0.153689	1.364
3	69686608	G	A	-0.155242	1.354
11	109634574	C	CTTTTTTTTTTTTT	-0.15634	1.347
11	81250764	C	T	-0.15652	1.346
11	129210893	G	T	-0.156518	1.346
3	51241795	C	A	-0.156878	1.344
2	21745560	C	T	-0.157046	1.343
2	14643919	G	A	-0.157776	1.339
16	2596416	T	C	-0.158488	1.334
11	89828458	GC	G	-0.158603	1.333
11	111898430	C	T	-0.159465	1.328
11	87512493	A	C	-0.159659	1.327
11	111898308	C	T	-0.16152	1.316
3	41688747	G	A	-0.16269	1.309
22	31071930	C	T	-0.163101	1.306
2	21745539	C	A	-0.163383	1.304
3	53699077	CGGT	C	-0.164516	1.298
2	16101542	A	T	-0.16471	1.296
16	2861241	C	G	-0.164878	1.295
3	65239318	C	T	-0.165438	1.292
11	101086475	C	T	-0.16637	1.287
3	61383457	C	T	-0.166312	1.287
11	128702264	C	G	-0.166626	1.285
11	85822695	G	C	-0.167091	1.282
11	85899400	G	A	-0.167109	1.282
3	41847279	T	G	-0.167353	1.281
11	128513491	T	C	-0.167764	1.278
2	20125476	G	A	-0.167785	1.278
2	11642079	G	T	-0.169176	1.27
11	124116536	C	T	-0.169502	1.268
2	11900033	C	G	-0.16948	1.268
11	109444317	C	A	-0.172521	1.25
22	39921262	G	T	-0.172489	1.25
11	103010350	A	T	-0.172753	1.249
11	110080139	G	T	-0.172756	1.249
22	33997323	G	A	-0.174277	1.24
11	104122924	C	T	-0.17495	1.236
22	38445968	A	AC	-0.176313	1.228
11	107591658	T	TAAAA	-0.176475	1.227
3	47178801	G	T	-0.177392	1.222
3	41688985	G	A	-0.178074	1.218
11	112195610	A	C	-0.17822	1.217
2	29927009	C	T	-0.178958	1.213
2	26810721	C	A	-0.179317	1.211
22	33997293	AGGG	A	-0.180786	1.203
11	129960792	A	AC	-0.182086	1.195
11	113528408	C	T	-0.182849	1.191
22	33997318	G	A	-0.182927	1.191
11	132349678	G	A	-0.183241	1.189
11	96139814	G	T	-0.183444	1.188
2	3846350	C	T	-0.184534	1.182
11	94834591	T	TGA	-0.184767	1.18
3	56552563	A	G	-0.185787	1.175
11	121549292	A	G	-0.186783	1.169
2	14119105	A	AT	-0.187581	1.165
11	84869823	G	T	-0.188493	1.16
11	101726563	C	T	-0.18846	1.16
2	5770937	T	A	-0.188524	1.16
11	86409554	A	AT	-0.188892	1.158
11	86409560	AT	A	-0.189764	1.153
3	63683888	A	C	-0.190504	1.149
11	86954813	A	G	-0.191316	1.144
3	69686602	AGAC	A	-0.191457	1.144
11	101726535	C	T	-0.191648	1.143
11	108245149	A	G	-0.191807	1.142
3	44389842	TCTGGGAACAGCTCCCGGGCA	T	-0.192202	1.14
3	61383497	C	T	-0.192504	1.138
11	87512488	C	G	-0.192727	1.137
11	121623146	C	A	-0.193899	1.13
11	82303814	T	TAAA	-0.19432	1.128
22	33997303	G	GT	-0.194323	1.128
11	125586084	G	A	-0.194486	1.127
3	53699036	T	C	-0.196742	1.115
11	134214510	T	C	-0.19716	1.113
2	12026584	G	A	-0.197445	1.111
3	62493099	G	T	-0.197441	1.111
2	12868439	G	GCCT	-0.197615	1.11
11	121549315	C	CAAAAAA	-0.19839	1.106
2	5794855	A	T	-0.200742	1.094
22	34254472	C	G	-0.200749	1.094
11	110080118	G	T	-0.20138	1.091
3	64966604	T	G	-0.201854	1.088
11	133292290	G	A	-0.202232	1.086
2	24640457	T	TATA	-0.20251	1.085
11	108951903	C	A	-0.203244	1.081
11	109050546	G	T	-0.203223	1.081
2	3720268	T	C	-0.203508	1.079
3	42085271	G	C	-0.204013	1.077
11	128513487	C	G	-0.204475	1.074
22	35091127	G	GTCGC	-0.204586	1.074
11	89828351	G	A	-0.205497	1.069
3	44741062	T	C	-0.205733	1.068
3	66060619	A	C	-0.205668	1.068
11	132885326	T	G	-0.206144	1.066
2	12665534	C	T	-0.206953	1.062
22	39628045	A	AC	-0.206838	1.062
11	130854699	AG	A	-0.207216	1.06
2	15582237	A	G	-0.207447	1.059
2	23207277	G	A	-0.207521	1.059
11	115257340	G	GATACGGCGA	-0.207944	1.057
3	61383483	T	C	-0.208585	1.053
3	40998550	G	A	-0.208794	1.052
2	13378747	C	T	-0.20959	1.048
2	14643916	C	A	-0.209665	1.048
11	108951905	A	G	-0.209939	1.046
11	111898371	C	T	-0.210393	1.044
11	78394365	G	C	-0.211116	1.04
2	9183516	A	G	-0.212678	1.033
22	34254466	G	A	-0.212625	1.033
11	108136341	A	G	-0.213225	1.03
11	87367199	C	T	-0.213535	1.028
2	14119094	TG	T	-0.213783	1.027
11	86981022	G	A	-0.213993	1.026
2	3846176	C	T	-0.21478	1.022
11	82303805	C	CGTA	-0.215658	1.018
16	3519299	C	T	-0.215869	1.017
2	12771564	G	A	-0.216288	1.014
2	12272914	T	TAAAAAA	-0.216938	1.011
11	91679073	G	T	-0.21734	1.009
11	81991995	G	A	-0.217794	1.007
3	69686591	C	G	-0.217734	1.007
11	104065282	G	C	-0.217933	1.006
11	108951266	T	G	-0.219035	1.001
3	64966578	C	T	-0.219855	0.997
3	53752617	G	C	-0.220868	0.992
11	109444315	A	G	-0.220978	0.991
2	3846222	C	T	-0.221272	0.99
2	24640461	T	TA	-0.222472	0.984
22	31071926	TCG	T	-0.222595	0.984
11	128513489	C	G	-0.224469	0.975
3	56347029	C	CATATATAT	-0.227156	0.962
2	26973296	A	G	-0.227636	0.96
11	89478756	G	A	-0.228137	0.957
11	101086448	A	G	-0.228289	0.956
11	134214509	G	A	-0.228628	0.955
3	65239316	A	C	-0.228799	0.954
11	91809708	C	A	-0.228925	0.953
3	44240604	G	T	-0.229204	0.952
22	32858155	C	CAAAAAAAAA	-0.22949	0.951
3	63202903	T	C	-0.229422	0.951
3	64966603	T	G	-0.229365	0.951
11	89478749	C	T	-0.229687	0.95
11	86409558	A	C	-0.230152	0.948
11	104671947	C	T	-0.23043	0.946
3	41689018	T	C	-0.230741	0.945
11	110423942	C	A	-0.231287	0.942
11	125586181	C	T	-0.231311	0.942
11	119988820	T	C	-0.23161	0.941
22	33404983	G	A	-0.231913	0.939
11	97206446	G	A	-0.232203	0.938
11	108245194	C	T	-0.232495	0.937
3	44389577	T	G	-0.232558	0.936
3	63683762	A	G	-0.232677	0.936
11	110423880	T	G	-0.233402	0.933
3	69686596	A	C	-0.233233	0.933
2	20285542	G	C	-0.23366	0.931
3	44297214	T	C	-0.233664	0.931
11	125586033	C	A	-0.234245	0.929
3	42433374	C	T	-0.234277	0.928
11	124257698	G	A	-0.235937	0.921
11	81991982	C	G	-0.236531	0.918
11	130103739	G	T	-0.236506	0.918
3	55085219	A	G	-0.237446	0.914
3	40998423	T	C	-0.237755	0.913
3	71746013	TCC	T	-0.23791	0.912
11	89780255	T	C	-0.238051	0.911
11	93970706	G	T	-0.238101	0.911
11	87512492	G	T	-0.239073	0.907
3	67199702	A	C	-0.239125	0.906
11	101726604	A	G	-0.240542	0.9
3	64966594	C	T	-0.240641	0.9
3	55085202	G	A	-0.241458	0.896
2	24640455	A	T	-0.242142	0.893
11	89780415	G	A	-0.242326	0.892
3	53247780	C	CAAAAAAAAAAA	-0.243344	0.887
11	94104935	A	G	-0.244189	0.884
3	63243391	A	G	-0.244416	0.883
11	101574635	T	C	-0.246987	0.871
22	30302275	GTCTATCTATCTATCTATCTA	G	-0.247087	0.871
11	127440386	A	C	-0.24745	0.869
3	51241782	C	A	-0.248095	0.867
11	124257279	T	G	-0.248504	0.865
11	89780253	A	G	-0.250323	0.857
3	42085279	A	C	-0.251203	0.853
3	74366468	G	A	-0.251241	0.853
3	43983718	T	C	-0.251733	0.851
2	3638028	A	AC	-0.253204	0.845
3	47993050	C	T	-0.253426	0.844
3	61383600	C	T	-0.253564	0.843
11	108951277	G	A	-0.254055	0.841
3	61383435	T	C	-0.255016	0.837
22	36090104	G	A	-0.255176	0.836
3	61383469	G	A	-0.255492	0.835
22	35074509	C	G	-0.256181	0.832
11	111870165	A	G	-0.256514	0.831
11	113528773	G	A	-0.256481	0.831
11	84869834	G	C	-0.257766	0.825
11	99528880	C	A	-0.258125	0.824
11	121107562	G	T	-0.258486	0.822
11	111898380	G	A	-0.258799	0.821
11	111898388	A	G	-0.25875	0.821
2	11316442	A	C	-0.258736	0.821
11	104671950	A	ATG	-0.2591	0.82
11	86467999	A	G	-0.259422	0.818
3	56577608	C	T	-0.259626	0.818
22	39388207	G	A	-0.26064	0.813
11	104122927	G	A	-0.260949	0.812
3	46191271	G	A	-0.261178	0.811
3	56552546	GAGA	G	-0.261379	0.81
11	105650528	T	TC	-0.262181	0.807
3	47444244	G	T	-0.262103	0.807
2	3846110	T	C	-0.262512	0.806
11	87367191	C	T	-0.263586	0.801
11	129114737	G	A	-0.263626	0.801
3	56577607	G	A	-0.264063	0.799
11	94104902	A	T	-0.264447	0.798
16	2777340	C	T	-0.264525	0.798
11	99632204	G	A	-0.264633	0.797
3	64966243	A	G	-0.264789	0.797
3	67809920	A	G	-0.264661	0.797
11	110307320	G	C	-0.26495	0.796
11	124257278	A	G	-0.264841	0.796
22	37887630	A	AGAAG	-0.265777	0.793
11	101726503	C	T	-0.266013	0.792
11	79268379	C	T	-0.267201	0.787
11	90195288	G	C	-0.267203	0.787
11	130435895	C	T	-0.267379	0.786
3	53699091	G	A	-0.267277	0.786
11	129044777	C	T	-0.2676	0.785
11	108951919	C	T	-0.268192	0.783
11	82467239	G	A	-0.268682	0.781
11	121623137	C	T	-0.269175	0.779
16	3119384	C	A	-0.269049	0.779
2	3846177	A	G	-0.269153	0.779
3	46190901	A	T	-0.269745	0.777
3	65239302	G	T	-0.269778	0.777
11	86955289	T	G	-0.269806	0.776
11	87367313	C	T	-0.269836	0.776
3	63243135	A	T	-0.27011	0.775
11	94104934	C	G	-0.272546	0.766
3	50559414	G	T	-0.272923	0.764
11	86409565	G	C	-0.273425	0.762
3	73160277	T	C	-0.273835	0.761
2	3634080	G	GTTT	-0.275493	0.754
3	44389724	T	C	-0.27548	0.754
3	69584349	GAA	G	-0.275439	0.754
11	121623124	C	T	-0.275779	0.753
22	31071950	C	T	-0.275896	0.753
11	104203539	G	T	-0.276954	0.749
11	94081851	G	T	-0.278553	0.742
11	101726552	C	T	-0.278765	0.742
3	59381715	G	T	-0.278759	0.742
11	128471075	C	CAAAAAAAAAAAAAAA	-0.279351	0.739
22	39388216	T	G	-0.279889	0.737
3	69686600	G	GTAT	-0.279912	0.737
3	44389725	G	A	-0.280201	0.736
11	86409549	A	T	-0.280531	0.735
2	6223465	G	GTGGTCGC	-0.281068	0.733
2	12666232	C	T	-0.281351	0.732
2	22381128	G	A	-0.281412	0.732
3	41689017	A	G	-0.281273	0.732
11	81681911	A	T	-0.281443	0.731
3	46190894	G	A	-0.282251	0.728
11	87367276	C	T	-0.282702	0.727
3	74366740	A	T	-0.28307	0.725
2	20285575	A	AT	-0.283405	0.724
11	99632210	T	C	-0.286225	0.714
11	115257339	A	T	-0.286152	0.714
11	112195601	T	C	-0.287031	0.711
2	14761608	G	A	-0.286905	0.711
3	49192730	C	T	-0.286957	0.711
3	64966287	A	G	-0.286983	0.711
11	114787619	T	TGATACGGCGA	-0.287281	0.71
11	124375952	G	T	-0.287093	0.71
11	95973726	A	C	-0.287999	0.707
2	12769965	G	C	-0.288298	0.706
11	89780423	G	A	-0.289688	0.701
3	40998424	G	A	-0.291153	0.696
11	94834584	G	T	-0.291709	0.694
11	129584188	C	T	-0.293248	0.688
11	108245190	T	C	-0.293523	0.687
3	49419735	G	C	-0.29533	0.681
3	55943559	G	GT	-0.296281	0.677
3	56577617	G	A	-0.297109	0.674
3	42285055	G	A	-0.29763	0.673
11	105650540	AGG	A	-0.298257	0.67
11	100158176	G	C	-0.298598	0.669
2	3846341	G	A	-0.299336	0.667
11	108211093	T	TCG	-0.299483	0.666
11	82336173	G	A	-0.301672	0.659
11	89828439	A	G	-0.301632	0.659
11	108951639	C	T	-0.302208	0.657
11	100158195	AAAGG	A	-0.302509	0.656
11	110276933	A	T	-0.303696	0.652
11	108951644	G	A	-0.304435	0.649
11	110083511	C	T	-0.307467	0.639
3	42285062	G	A	-0.307557	0.639
2	9176434	G	GTATCATT	-0.308258	0.636
11	121549290	G	T	-0.308613	0.635
11	91828836	G	A	-0.308789	0.634
11	133533273	A	AATGATACG	-0.308858	0.634
3	50121457	GAA	G	-0.30884	0.634
2	3634082	G	T	-0.310158	0.63
3	52518509	A	C	-0.310152	0.63
3	63177977	T	TCCCCCCCC	-0.309971	0.63
11	118599680	T	C	-0.310464	0.629
3	44389607	C	G	-0.310837	0.628
2	9183514	A	T	-0.311374	0.626
2	26973346	G	C	-0.31125	0.626
2	29702056	A	ATTTTTT	-0.311285	0.626
3	73420600	C	T	-0.311375	0.626
11	94570148	A	AC	-0.311546	0.625
2	3846324	A	G	-0.313115	0.62
11	77793073	G	T	-0.313412	0.619
11	86875411	G	C	-0.313414	0.619
3	73420444	C	T	-0.313452	0.619
11	98672208	G	A	-0.315068	0.614
3	73277160	TCTCTCCCC	T	-0.315024	0.614
11	108245217	T	C	-0.315181	0.613
3	44389750	G	A	-0.315219	0.613
11	101726577	A	T	-0.316026	0.611
11	118599688	T	C	-0.316753	0.608
2	9176433	G	C	-0.317077	0.607
2	29394892	A	T	-0.317858	0.605
11	83150752	A	ACGGC	-0.318239	0.604
11	131940133	A	T	-0.318192	0.604
11	89478740	A	T	-0.318848	0.602
3	69686595	G	T	-0.320098	0.598
11	125586061	C	G	-0.320471	0.596
11	82111931	C	G	-0.320771	0.595
3	55085245	T	C	-0.321264	0.594
16	2777350	A	G	-0.321425	0.593
11	113528786	C	A	-0.322042	0.591
2	29702062	T	TAC	-0.322381	0.59
3	46190896	A	T	-0.322405	0.59
3	73420467	T	C	-0.32289	0.589
3	42085263	A	C	-0.323273	0.588
3	44240608	A	AAT	-0.323066	0.588
3	47274666	T	C	-0.323616	0.587
3	63243187	C	G	-0.323496	0.587
11	125586187	G	A	-0.324581	0.584
11	114686169	C	T	-0.324846	0.583
2	3846320	C	A	-0.324701	0.583
2	24640495	A	T	-0.324818	0.583
11	87367279	C	A	-0.325671	0.58
3	44240606	G	T	-0.326035	0.579
2	3847124	A	G	-0.326812	0.577
3	63202882	G	T	-0.326818	0.577
11	89478735	G	A	-0.326984	0.576
11	121549295	T	TC	-0.328335	0.572
2	3800674	T	TTTTTA	-0.328367	0.572
2	16715940	A	ACCG	-0.328918	0.57
3	63243146	A	G	-0.329365	0.569
11	103010256	G	C	-0.32993	0.567
3	46191252	A	C	-0.332521	0.559
11	87512509	T	TAAAAA	-0.332984	0.558
2	3846100	G	A	-0.332842	0.558
2	3800673	G	T	-0.335135	0.552
22	36088751	A	C	-0.335374	0.551
3	40945007	T	C	-0.335504	0.55
3	49419739	G	A	-0.335688	0.55
3	44389545	T	C	-0.336812	0.547
11	87051537	G	C	-0.337377	0.545
11	104671953	A	ACGGC	-0.337258	0.545
3	66060614	C	G	-0.337729	0.544
2	21435470	A	G	-0.339037	0.54
11	94378319	T	C	-0.339506	0.539
3	63243397	T	C	-0.339517	0.539
11	122516385	T	A	-0.340824	0.535
2	12026558	C	A	-0.340809	0.535
3	41847123	A	G	-0.340759	0.535
3	74366462	T	C	-0.340998	0.534
2	15582229	G	A	-0.341891	0.532
11	89780436	T	C	-0.342218	0.531
11	99478506	AG	A	-0.342398	0.53
2	16416491	C	CATGGGGTAGGACTCTCCGAGCCAA	-0.342516	0.53
11	94378317	T	C	-0.344757	0.524
11	118062138	G	GGA	-0.344535	0.524
11	94570160	A	AC	-0.345476	0.522
3	68015683	G	T	-0.345195	0.522
2	20285457	G	C	-0.347124	0.517
3	70730201	G	C	-0.347221	0.517
3	43983739	T	C	-0.347408	0.516
3	49517334	G	A	-0.347463	0.516
3	73524245	G	GC	-0.348281	0.514
16	3407752	C	T	-0.349171	0.511
11	110307301	A	C	-0.351811	0.504
11	104012127	ATT	A	-0.352117	0.503
3	55943562	T	TCGCCGTATCA	-0.353101	0.501
3	73160278	C	G	-0.353067	0.501
2	21435855	C	T	-0.353587	0.499
11	79268405	C	T	-0.354146	0.498
3	47993072	C	T	-0.354126	0.498
22	33997298	A	ATCTC	-0.355132	0.495
2	29316003	A	T	-0.357491	0.489
3	44389822	TGGGGCAGAGTTCCAG	T	-0.358357	0.486
11	128513494	G	C	-0.358745	0.485
2	8763017	G	C	-0.358752	0.485
2	21435818	C	A	-0.360044	0.482
22	35074500	C	T	-0.360208	0.482
11	110744458	T	TTTA	-0.363248	0.474
11	91764791	G	C	-0.364409	0.471
2	15581636	A	C	-0.364283	0.471
3	44747577	C	CTTTTTTTTTTTTTTTTTTTTTTTTT	-0.36671	0.465
11	113240135	G	GCCCCCCCCC	-0.36726	0.463
3	57734513	A	AAAAAC	-0.367539	0.463
11	90134205	G	C	-0.369197	0.459
11	119839863	T	C	-0.370462	0.455
11	89495988	G	T	-0.372945	0.449
3	44586056	A	G	-0.372945	0.449
22	34254486	T	A	-0.373648	0.447
11	118062128	A	ATG	-0.374596	0.445
11	108136553	C	G	-0.375349	0.443
2	29252130	T	TAC	-0.37658	0.44
3	44741067	T	A	-0.376549	0.44
11	126740740	T	TC	-0.377176	0.439
11	128921538	C	T	-0.378526	0.436
11	80990529	GC	G	-0.378914	0.435
11	80587015	A	T	-0.381074	0.43
11	99494472	C	CAAAAAAAAAA	-0.38099	0.43
2	24100909	AGC	A	-0.380695	0.43
11	113240139	G	C	-0.38284	0.425
2	12771550	C	T	-0.384028	0.423
11	115998107	T	TGTGTGTGTGTGTGAGAGAGAGA	-0.38511	0.42
3	62701048	C	CCTATCTATCTATCTATCTATCTAT	-0.386456	0.417
11	129584205	G	A	-0.388827	0.412
11	121107567	T	C	-0.390868	0.407
11	79268412	C	G	-0.392869	0.402
11	98308864	T	TA	-0.392901	0.402
11	79865196	T	TTTTTC	-0.393602	0.401
11	87512499	A	AT	-0.394189	0.399
2	23207275	C	G	-0.39452	0.399
2	12026574	G	C	-0.396323	0.395
2	12027130	A	C	-0.399434	0.388
2	22381148	TC	T	-0.39944	0.388
11	89828480	T	C	-0.40007	0.387
11	110801547	T	TAGCACAGCAC	-0.40026	0.386
3	61383486	C	G	-0.400711	0.385
3	65106976	G	A	-0.401624	0.383
3	40998467	G	T	-0.402133	0.382
3	52518513	G	C	-0.402591	0.381
11	126322967	T	C	-0.403266	0.38
3	63243367	A	C	-0.405011	0.376
11	118062131	AGTT	A	-0.406927	0.372
2	22381134	TTGTCACCACCA	T	-0.40914	0.368
3	44389599	G	A	-0.409451	0.367
2	29927029	A	ACCACC	-0.410415	0.365
3	46190865	A	C	-0.410656	0.364
11	111194546	C	T	-0.411533	0.363
2	23963270	C	T	-0.412828	0.36
3	70499220	G	C	-0.41295	0.36
11	132349654	G	C	-0.413959	0.358
3	53699046	G	A	-0.413935	0.358
11	101726553	A	G	-0.416269	0.353
11	124116532	A	T	-0.417271	0.351
3	40944820	C	A	-0.422746	0.341
3	66060606	T	C	-0.423549	0.339
11	130803968	ATATATATAAAATATTACTGTCCTGTCATATATATAACATATATAAACATGTTTTTATATATACACATATATAAACATATATGTTTTATTATATATATGAAACAGGACAGTAATAT	A	-0.424719	0.337
11	80080308	C	CAAAAAAAAAAAAAAAAA	-0.426144	0.334
22	34204942	G	C	-0.426848	0.333
22	30726334	A	G	-0.42706	0.332
2	20535797	A	AAT	-0.428739	0.329
11	87512500	G	C	-0.430367	0.326
11	94378282	AAAC	A	-0.430653	0.326
2	26972839	A	G	-0.430536	0.326
11	89490844	AT	A	-0.434038	0.32
11	118598243	G	C	-0.434635	0.319
3	42486764	T	TCACACA	-0.435154	0.318
11	94104953	G	A	-0.436928	0.314
22	34204937	A	ACCCCC	-0.436971	0.314
11	118606510	G	A	-0.437791	0.313
11	83410980	G	GCACACACACA	-0.439864	0.309
3	61198969	A	G	-0.44033	0.308
3	53699085	A	G	-0.440967	0.307
11	85301665	AT	A	-0.44164	0.306
11	87341360	A	C	-0.441698	0.306
11	91828822	G	T	-0.443385	0.303
11	86409566	G	C	-0.445051	0.3
11	125121501	T	C	-0.445366	0.3
16	2957328	G	T	-0.446078	0.299
22	33997322	T	TTAAAAA	-0.446366	0.298
3	65933710	A	G	-0.447561	0.296
11	80587028	A	ACGGC	-0.448535	0.294
11	108245151	G	T	-0.448675	0.294
2	13378750	AAG	A	-0.450056	0.292
11	124775162	T	C	-0.451287	0.29
11	129114735	A	T	-0.452145	0.289
11	86409556	A	ATACG	-0.452212	0.288
11	133960297	T	A	-0.45248	0.288
11	134546035	G	GTGTGAGGGTCA	-0.452808	0.287
22	33997320	G	C	-0.453201	0.287
2	13378728	C	T	-0.456772	0.281
16	2148513	T	A	-0.45769	0.28
11	126740742	G	GTGGTC	-0.46045	0.275
22	34975959	T	TATATATA	-0.461334	0.274
22	31208300	G	A	-0.467734	0.264
3	65023985	G	GTATATA	-0.467636	0.264
22	38835592	G	T	-0.4685	0.263
11	89828489	G	C	-0.469386	0.262
11	129044771	G	T	-0.469056	0.262
11	90195287	T	C	-0.470121	0.26
11	96801981	G	T	-0.470303	0.26
11	101726522	G	GCA	-0.470125	0.26
11	128513507	A	AG	-0.471415	0.259
2	3800697	A	ACCG	-0.472838	0.256
11	86409548	A	ATT	-0.473973	0.255
2	3846231	G	T	-0.474067	0.255
11	87512510	G	A	-0.474278	0.254
3	67848251	T	C	-0.476014	0.252
22	32549460	A	G	-0.47678	0.251
11	80986929	G	T	-0.479542	0.247
11	84869838	A	ATC	-0.479529	0.247
11	101090492	A	G	-0.480665	0.245
11	130854711	TG	T	-0.482756	0.242
2	15582245	A	C	-0.484264	0.24
11	129584237	A	T	-0.484915	0.239
3	68127266	G	T	-0.485423	0.239
2	28012816	G	GTA	-0.486748	0.237
11	90121209	A	T	-0.487412	0.236
11	118861694	G	GTTTTTTTT	-0.489896	0.233
11	125121499	G	GACCA	-0.491745	0.23
11	108951300	G	C	-0.493167	0.228
11	124267388	T	TCTGAATGTA	-0.493282	0.228
3	63243199	G	T	-0.493404	0.228
11	89780378	A	C	-0.493953	0.227
11	90195280	T	C	-0.494884	0.226
11	127440392	A	C	-0.495493	0.225
3	53699045	T	C	-0.496366	0.224
2	5740460	GAGAA	G	-0.500459	0.219
2	13378756	G	C	-0.500302	0.219
3	63995599	A	ATCTG	-0.500811	0.219
11	94104829	G	T	-0.50112	0.218
2	13545639	T	C	-0.503631	0.215
22	37887641	G	GGGT	-0.503487	0.215
11	125121498	A	C	-0.505663	0.213
2	22629437	T	TGTGAGAGAGAGAGAGAGA	-0.505706	0.213
11	108951601	G	T	-0.507177	0.211
22	30699295	T	TAGATAGAC	-0.510792	0.207
11	99451768	G	GGT	-0.512699	0.204
16	3369801	T	TA	-0.518225	0.198
2	5837575	A	C	-0.519292	0.197
11	101090493	T	C	-0.520085	0.196
3	47178803	T	C	-0.521218	0.195
11	89409583	C	CTTTTTTTTTTTTTTTTTTTTTTTTTTTT	-0.523057	0.193
3	73258554	G	GTCCA	-0.522545	0.193
2	24100911	C	CAAAAAAAAAAAAAAAAAAAAAAAAAAAA	-0.524916	0.191
11	101726524	GGA	G	-0.52572	0.19
11	127900963	A	C	-0.525607	0.19
3	46190860	G	T	-0.525719	0.19
3	64966575	A	C	-0.525472	0.19
3	68127275	G	T	-0.52531	0.19
2	22381104	A	C	-0.529669	0.186
11	128702275	T	TA	-0.530523	0.185
11	129584213	G	T	-0.529925	0.185
3	47993074	G	A	-0.531009	0.184
11	104013374	G	T	-0.532226	0.183
3	67199673	G	A	-0.532831	0.182
3	73524252	C	CG	-0.533455	0.182
11	126740751	A	AT	-0.533683	0.181
2	16715936	A	ACGGCG	-0.533659	0.181
2	24189646	G	T	-0.535386	0.18
3	46182251	G	T	-0.534609	0.18
3	59381736	G	A	-0.536962	0.178
11	124107224	G	C	-0.53809	0.177
11	79805950	G	C	-0.538696	0.176
3	73524255	C	A	-0.539906	0.175
3	64966293	A	C	-0.542208	0.173
11	118598489	A	AT	-0.54502	0.17
22	31505060	A	ATT	-0.545461	0.17
3	56552557	G	GGA	-0.555277	0.161
11	132349683	C	T	-0.555581	0.16
22	32577373	A	ACCCCCC	-0.556369	0.16
11	108951643	G	C	-0.556854	0.159
11	134353391	C	CCTCCGGCCTGAAGTTCTGTCTAACCGATACGGGTTATCCAGAGTATCTCCCG	-0.558668	0.158
3	49419738	A	T	-0.559124	0.157
3	64966278	A	T	-0.559788	0.157
2	18907596	G	T	-0.563247	0.154
2	20642123	C	T	-0.562701	0.154
11	85003702	G	GGAAGGAAGGA	-0.564145	0.153
2	14239814	GA	G	-0.564593	0.152
2	16101545	C	G	-0.564745	0.152
11	94104914	G	C	-0.56949	0.148
2	12666236	G	T	-0.570137	0.148
2	22482271	G	A	-0.569374	0.148
22	32305039	G	A	-0.569555	0.148
11	89828474	A	C	-0.571081	0.147
11	88798022	T	TTCTCTCTCTC	-0.571774	0.146
3	63399699	T	TAGAG	-0.573771	0.145
11	101726576	G	T	-0.576268	0.143
3	69686606	T	TTAAA	-0.576027	0.143
3	70730237	A	G	-0.576975	0.142
11	110276931	G	GTTTTTTTTTTTTTTT	-0.577942	0.141
2	12026222	T	A	-0.578388	0.141
2	24478545	T	C	-0.579348	0.14
11	82342691	G	A	-0.583052	0.137
11	120514768	GGAGA	G	-0.583021	0.137
3	63243388	A	T	-0.585238	0.136
11	85899419	C	T	-0.586493	0.135
11	130435906	G	T	-0.586644	0.135
2	25026113	G	A	-0.586918	0.134
11	110646877	G	GTTTTTTTTTGTTTTTTTTTTT	-0.589689	0.132
3	42328518	G	A	-0.590294	0.132
11	113055790	T	TTATATATATATATA	-0.59098	0.131
2	13545636	G	T	-0.592181	0.13
11	89814319	C	T	-0.593963	0.129
3	55243992	T	C	-0.595339	0.128
3	47591571	T	TCTCCTTCTC	-0.597513	0.127
11	112779854	CTTTCTTTCTTTCTTCCCTTCCTTCCTTCCTT	C	-0.599399	0.125
11	113240147	A	C	-0.600535	0.125
3	44586184	G	A	-0.599651	0.125
11	105134540	T	TATATATATATATATATAGAGAGAGAGAGAGAGAG	-0.602516	0.123
3	44240610	A	ATACG	-0.605687	0.121
3	63683729	A	G	-0.606905	0.12
11	121352469	T	C	-0.608489	0.119
3	51241754	A	T	-0.608824	0.119
11	89780381	G	C	-0.610645	0.118
11	79268395	G	C	-0.616855	0.114
11	121549303	GA	G	-0.622909	0.11
11	108951592	G	C	-0.626321	0.108
2	5740495	G	GAAAGAAAGAAAGA	-0.6255	0.108
11	92731742	T	TTTTATTTATTTA	-0.628365	0.107
11	101726516	G	C	-0.627548	0.107
22	31071951	G	A	-0.629429	0.106
2	11316445	A	C	-0.63192	0.104
3	73420429	G	C	-0.632604	0.104
3	43983735	G	C	-0.633676	0.103
11	85899399	C	T	-0.638297	0.101
11	119011215	T	C	-0.639542	0.1
2	16101634	G	A	-0.638985	0.1
2	6557204	T	TATAGATAG	-0.644507	0.097
2	3847207	G	C	-0.64741	0.096
11	89785693	G	C	-0.649232	0.095
11	101726491	G	C	-0.649188	0.095
2	27669902	G	T	-0.649233	0.095
2	16407780	A	G	-0.651199	0.094
16	2596428	C	G	-0.652474	0.093
3	41816157	C	T	-0.655411	0.092
2	13378731	C	G	-0.658044	0.09
22	39590126	C	CAAAAAAAAAAAAAAAAAAAAAAAAAAAAAAAAAAAAA	-0.65776	0.09
11	124775185	G	T	-0.667765	0.086
2	22381147	G	C	-0.670693	0.084
11	89771323	G	C	-0.675552	0.082
2	12026600	G	A	-0.676137	0.082
3	44586066	A	C	-0.678856	0.081
11	110307308	G	C	-0.684939	0.078
22	37616871	G	GTTCAATTACCTCCCACTGGGTTCCTCCCACCTGGAGGGA	-0.685224	0.078
2	9176450	AG	A	-0.686437	0.077
22	34254480	T	C	-0.695954	0.074
3	65106983	GA	G	-0.696064	0.074
3	66032601	C	CTTTTTTTTTTTTTTTTTTTTT	-0.694513	0.074
11	98789638	T	C	-0.697069	0.073
11	101726600	G	C	-0.697121	0.073
2	10452997	C	CCACCACCATCACCATCACTATCATCGTCATCATCATCACTGT	-0.696934	0.073
3	56552569	GA	G	-0.696914	0.073
11	94104968	G	C	-0.699894	0.072
16	3407774	G	C	-0.706204	0.07
3	42328462	T	C	-0.705829	0.07
11	90195276	G	T	-0.711606	0.068
2	27972191	C	CAAAGGAAGGGTTCGG	-0.717662	0.066
3	63683779	T	C	-0.717553	0.066
11	82004471	A	AAAGG	-0.718472	0.065
11	89785690	T	C	-0.719931	0.065
11	124775188	G	C	-0.721969	0.064
2	24687256	C	T	-0.721591	0.064
11	89490897	C	T	-0.725062	0.063
22	32305059	A	C	-0.726306	0.063
3	41688956	C	T	-0.72484	0.063
11	118599873	A	C	-0.729681	0.062
2	13378753	G	GAA	-0.733072	0.06
11	96801968	C	T	-0.747656	0.056
11	89810872	A	G	-0.751194	0.055
3	49192736	A	T	-0.755025	0.054
11	124619781	A	AAAAAAAAAAAAC	-0.760206	0.053
22	31952227	G	T	-0.759788	0.053
2	22962373	G	GATATATATATATATATATAT	-0.763058	0.052
22	39514833	A	ATTTTTTTTTTTT	-0.766273	0.051
3	56552541	GAA	G	-0.767973	0.05
2	20535801	A	ACGGCGACCACCG	-0.771836	0.049
3	47591577	T	C	-0.77814	0.048
2	13137599	A	AATT	-0.78441	0.046
3	71693808	A	AATT	-0.785567	0.046
2	13377189	A	G	-0.788624	0.045
22	30151357	G	GGGAGGGAGGGAGGGGGA	-0.788688	0.045
3	44240615	G	C	-0.791789	0.045
3	61606725	A	ATGTGTGTGTG	-0.791907	0.045
11	133960286	G	C	-0.796102	0.044
2	24189644	A	T	-0.804827	0.042
3	48882187	G	C	-0.804596	0.042
11	119813349	A	AAGG	-0.806713	0.041
11	125048505	G	GAAAGAAAGAAAGAAAGAAA	-0.808848	0.041
11	111194543	C	G	-0.81077	0.04
11	127900919	G	GAGAGAGGA	-0.813328	0.04
3	54238823	G	GAAAAAAAAAAAAAAAAAAAAAA	-0.815589	0.04
11	116016985	T	C	-0.815731	0.039
11	124099038	A	AAGGCAGGAAGGCAGGCAGGC	-0.819561	0.039
11	101090478	TG	T	-0.823255	0.038
11	100496296	A	ATATATGTAATATG	-0.828186	0.037
11	117615942	C	G	-0.827918	0.037
3	58298682	T	G	-0.826088	0.037
11	109048170	C	CTTTTTTTTTTTTTTTTTTTTTGGGGTTTTCATGCATTTTTTTTTTTTTTTTTTTTTTTT	-0.8381	0.035
3	56552553	A	G	-0.839072	0.035
22	36088731	C	T	-0.857143	0.032
11	116492130	G	T	-0.863182	0.031
11	129012984	A	ATATATATATATATATATATAT	-0.863152	0.031
2	11899963	C	CGGGGCGGCTGGCCGGGCGGGGGCTGCCCCCCACCTCCCTCCCAGAT	-0.867733	0.03
3	71257687	T	TCTGTGTGTGTGTGTG	-0.8863	0.028
2	22595898	T	TTATATATATATATATATATATATATATATATATA	-0.891224	0.027
11	92175277	A	ATTTTTTTTT	-0.903269	0.025
11	115499822	A	T	-0.903043	0.025
3	63683720	A	C	-0.920346	0.023
11	86981072	G	T	-0.934349	0.022
11	134353375	T	TTCCAGAGGTTCTCCCCCTCCGGCCGGAAGTTCTGTCTAACCGATATGGGTTA	-0.934415	0.022
2	14982985	A	AAAAAAAAAAAAC	-0.933848	0.022
2	10341894	A	T	-0.937218	0.021
11	88226183	A	AAAAAAT	-0.965957	0.019
11	106658141	G	T	-0.957302	0.019
2	3846360	G	GTAACCCGACCTATGGGCTTCCCTTTGAGCA	-0.995347	0.016
3	49164956	G	A	-1.01403	0.015
11	89818854	A	C	-1.0224	0.014
2	26783444	A	C	-1.02413	0.014
22	31071965	T	C	-1.049951	0.013
11	132349673	G	C	-1.063253	0.012
2	4158471	A	C	-1.14329	0.008
11	134574792	C	T	-1.19047	0.007
2	7327578	G	GTATATATATA	-1.203174	0.006
3	41601065	G	T	-1.236063	0.006
11	79805946	A	C	-1.296936	0.005
11	101090489	A	T	-1.300964	0.004
## CADD v1.3 (c) University of Washington and Hudson-Alpha Institute for Biotechnology 2013-2015. All rights reserved.					